0.025759,0.00038714,0.0020614,0.00035023,0.023966,0.015215,0.00081725,0.00053028,0.00042222,0.00037162,0.07749,0.0014654,0.011344,0.00084976,0.059419,0.11082,0.0033366,0.02072,0.0018107,0.022366,0.18321,0.008167,0.014915,0.009507,0.12621,0.051818,0.0017962,0.0031532,0.00080028,0.00048169,0.075003,0.02191,0.013314,0.023091,0.042577,0.0098354,0.32113,0.12972
0.020129,0.00037402,0.0015684,0.0004067,0.019564,0.0086835,0.00043351,0.00029457,0.00040984,0.00014821,0.069203,0.0054515,0.0021418,0.0053528,0.055975,0.093247,0.005396,0.016165,0.0020851,0.0016064,0.21016,0.024611,0.044795,0.024376,0.17364,0.050217,0.0018112,0.0019426,0.0013937,9.2633e-05,0.070778,0.02548,0.018967,0.025965,0.048723,0.0043701,0.34404,0.12917
0.049174,0.00053997,0.0069608,0.00049319,0.047522,0.030177,0.00080496,0.0018664,0.00034835,6.3358e-06,0.12049,0.0055481,0.00074313,0.0042636,0.078536,0.16896,0.0098915,0.010389,0.0070901,0.0031695,0.20898,0.012355,0.010074,0.0082043,0.11666,0.09701,0.0033287,0.0041558,0.0018036,0.00015127,0.077202,0.0053919,0.0060098,0.0058657,0.010565,0.015763,0.1261,0.10614
0.069335,0.0012133,0.0026334,0.0011057,0.065287,0.037212,0.00042972,0.00093797,0.00085203,0.00014093,0.10255,0.0012584,0.0014371,0.00094579,0.060042,0.1101,0.00074344,0.0022626,0.0027067,0.00051832,0.15225,0.0014969,0.001568,0.0017965,0.077867,0.1056,0.0012273,0.0021373,0.0019126,0.00060255,0.12105,0.035256,0.034678,0.036858,0.032784,0.032888,0.12426,0.14475
0.069745,0.00067893,0.0034956,0.00063669,0.066175,0.032724,0.00034608,0.00030205,0.0010152,0.00012697,0.10166,0.001912,0.0030343,0.0017993,0.061264,0.10728,0.00039967,0.0090188,0.0033884,0.0041432,0.15783,0.0043365,0.011466,0.0050529,0.089905,0.10624,0.00058885,0.0019025,0.0026088,6.2857e-08,0.09997,0.012053,0.0093695,0.013858,0.016903,0.0314,0.13956,0.15359
0.071558,0.0004013,0.0061057,0.00040892,0.06891,0.024543,0.00091018,0.00092574,0.0010335,0.00011547,0.09548,0.0047104,0.0009055,0.0038201,0.066536,0.079352,0.0022979,0.0024245,0.0032369,0.00071827,0.15555,0.0081096,0.0078882,0.0075853,0.107,0.10233,0.0021817,0.0033965,0.0036098,0.00029034,0.10189,0.0067034,0.0026917,0.0083824,0.028859,0.028358,0.1836,0.15733
0.082229,0.00066882,0.0027758,0.00061212,0.075751,0.047402,0.0005965,0.00026011,0.00075171,3.0297e-05,0.098538,0.0011599,0.0013955,0.00079898,0.051,0.10402,0.0015512,0.0040241,0.0013854,0.0020319,0.13553,0.0014258,0.0046904,0.0013375,0.055419,0.10761,0.00089718,0.0010001,0.0015109,0.00016066,0.098942,0.0068297,0.0067335,0.0082761,0.011697,0.045403,0.12187,0.15846
0.089367,0.00095282,0.0020451,0.00086963,0.081291,0.053186,0.00019872,0.00039004,0.00050456,6.9897e-05,0.094939,0.00035506,0.00098236,0.00060018,0.045773,0.09639,0.0010887,0.002986,0.0018095,0.00011811,0.12575,0.001111,0.0032899,0.0018145,0.044373,0.10879,0.00052911,0.00072046,0.00060025,1.7726e-05,0.095724,0.00017982,0.0016696,0.0016763,0.028665,0.052898,0.11611,0.16684
0.069554,0.00035288,0.0019667,0.00031395,0.065528,0.036799,0.0011464,0.00075248,0.0009911,0.0001677,0.10408,0.0026519,0.0046036,0.0022858,0.059521,0.11844,0.0019775,0.0084281,0.0025392,0.00097441,0.15327,0.003256,0.0036317,0.0021208,0.07509,0.10448,0.0020163,0.0014344,0.0024538,0.00019178,0.10594,0.022208,0.021453,0.023623,0.015697,0.032967,0.13046,0.14402
0.046929,0.00069901,0.0089261,0.00073752,0.045359,0.031861,0.00051666,0.0023948,0.00082724,0.00018011,0.13211,0.0025664,0.0035511,0.0015483,0.081289,0.20294,0.0028427,0.0050957,0.0045229,0.00012526,0.2073,0.0040286,0.0061185,0.0040435,0.10265,0.10019,0.0001391,0.0050759,0.0020851,0.00075773,0.067689,0.0018413,0.0055689,0.0042854,0.011409,0.016782,0.095884,0.098311
0.024975,0.00031616,0.0041006,0.00031485,0.023948,0.012647,0.00071388,0.001027,0.00038675,0.00018704,0.08489,0.0081053,0.0036226,0.0069827,0.063864,0.162,0.0045534,0.031983,0.0024704,0.02124,0.22603,0.038336,0.042103,0.036314,0.16153,0.057332,0.0036402,0.0011059,0.0019383,0.00032533,0.092253,0.045186,0.041761,0.045379,0.061323,0.006418,0.28392,0.049539
0.021296,0.00034362,0.0014349,0.00034362,0.020894,0.011405,0.00053272,0.000145,0.00035967,8.9531e-05,0.090909,0.0062952,0.0039538,0.004785,0.067776,0.14652,0.0047107,0.021623,0.0059284,0.0044275,0.248,0.017007,0.042478,0.014692,0.19205,0.058612,0.0023618,0.00014547,0.0010807,0.00051756,0.076636,0.023668,0.016112,0.024172,0.052897,0.0042729,0.24249,0.099857
0.031334,0.00014576,0.0053185,0.0002921,0.029707,0.0098296,0.00022604,0.00020537,8.0968e-05,5.4485e-05,0.058267,0.00052615,0.0039655,0.0021544,0.039115,0.11989,0.0054531,0.026155,0.009926,0.026413,0.18875,0.011394,0.054569,0.012123,0.159,0.037846,0.00084002,0.0014336,0.00093771,0.00019689,0.066869,0.011354,0.0054924,0.011908,0.021768,0.009198,0.34281,0.13521
0.072062,0.00037195,0.01889,0.00043658,0.067121,0.027642,7.0619e-05,0.0021928,0.00027962,3.9089e-05,0.076886,0.00051174,0.00075268,0.0011646,0.049146,0.062648,0.00096633,0.0053562,0.00031423,0.0012198,0.12956,0.0018805,0.012474,0.002292,0.093681,0.091962,0.000322,0.0051802,0.00054106,0.00039747,0.11745,0.0070839,0.015581,0.0084095,0.020912,0.046761,0.19483,0.1802
0.013928,0.00049316,9.5855e-05,0.00043901,0.013617,0.0060012,0.00035239,0.00029339,0.00030268,0.00023706,0.086536,0.0064733,0.0020448,0.0061084,0.067252,0.20079,0.005361,0.020412,0.0078219,0.029095,0.27128,0.011288,0.078595,0.0083134,0.21488,0.051727,0.0023419,0.0034574,0.0020944,8.3728e-05,0.07724,0.02559,0.0079923,0.025804,0.063975,0.0022153,0.2155,0.074769
0.079737,0.00078791,0.018473,0.00074266,0.075223,0.026042,0.00076621,0.0013432,0.00044299,0.00017713,0.070164,0.0027787,0.0031735,0.0019053,0.04769,0.057967,0.0014856,0.0090503,0.0023614,0.0011657,0.1089,0.0049351,0.014958,0.0048782,0.078206,0.087142,0.0019633,0.0043753,0.00094473,0.00056103,0.11004,0.0031893,0.01355,0.0057806,0.0048327,0.051914,0.18613,0.22197
0.022928,0.00054918,0.0037264,0.00052688,0.022386,0.0076818,4.2869e-05,0.00017644,0.00020271,3.9342e-05,0.068568,0.0015928,0.0051104,0.0011244,0.05093,0.11757,0.0018636,0.032853,0.0026619,0.020635,0.25537,0.0014146,0.08924,0.00069974,0.22691,0.048014,0.0015044,0.0030923,0.00088967,0.00091193,0.069074,0.015909,0.011631,0.016784,0.0429,0.0049864,0.29374,0.11207
0.072699,0.00030697,0.027581,0.00029152,0.070645,0.013878,0.00098267,0.0015903,0.00043333,3.6517e-05,0.057155,0.0048264,0.0015408,0.0040561,0.045407,0.036093,0.0013609,0.001361,0.0018903,0.00031045,0.10944,0.0098452,0.0050163,0.0095928,0.093231,0.075516,0.003206,0.0065394,0.0011254,0.00054025,0.11009,0.0088173,0.017667,0.01265,0.032489,0.045541,0.23868,0.2409
0.052404,0.0012353,0.003155,0.0011095,0.045732,0.033706,0.00055461,0.00060972,0.00031476,0.00013013,0.11477,0.0056909,0.011068,0.0052562,0.070344,0.22571,0.0031673,0.044991,0.0014335,0.073632,0.1682,0.012331,0.010277,0.010421,0.052021,0.068665,0.0031404,0.0012395,0.0005004,0.00047614,0.07651,0.0079928,0.0053591,0.008888,0.0016423,0.029937,0.12988,0.10021
0.077039,0.0012726,0.020311,0.0011649,0.072579,0.024483,0.00050089,0.0012258,0.00045901,0.00010441,0.066782,0.0012911,0.0011332,0.0018994,0.04583,0.052272,0.0015361,0.006021,0.0010012,0.0023427,0.11005,0.0032718,0.011049,0.0040586,0.082216,0.082001,0.00095479,0.0046169,0.00016937,0.0003304,0.11127,0.0059062,0.012626,0.0092707,0.017421,0.049534,0.19945,0.22713
0.072018,0.00084817,0.0092591,0.00075894,0.067083,0.049783,0.00026047,0.0021409,0.00060591,3.2694e-06,0.11842,0.00086666,0.0044794,0.00062427,0.05269,0.1633,0.0019608,0.020926,0.0036143,0.0045793,0.1534,0.0033068,0.017435,0.0035777,0.049513,0.091536,0.00021297,0.0038447,0.0011813,0.00014603,0.086015,0.0083515,0.011306,0.0095197,0.02854,0.033984,0.11834,0.11321
0.07483,0.00089175,0.017061,0.00086991,0.070762,0.02273,0.00027315,0.0012268,0.00041749,6.0382e-05,0.064957,0.0024971,0.0010829,0.0022203,0.044241,0.050374,0.00035186,0.00033035,0.0013207,0.0022209,0.11316,0.0057845,0.0013251,0.0061421,0.088301,0.080253,0.001672,0.0044587,0.00044372,0.00053418,0.11091,0.0067623,0.01043,0.0095088,0.020426,0.048295,0.20658,0.2279
0.056142,0.00081697,0.020394,0.00065839,0.052174,0.029173,0.00033832,0.0024368,0.0012642,0.00029649,0.095405,0.0022114,0.0097362,0.0010748,0.046418,0.16031,0.0028926,0.03132,0.0027223,0.0055598,0.17261,0.0026328,0.034115,0.0011429,0.098815,0.070706,0.001567,0.0033542,0.0019713,0.00024258,0.079935,0.004895,0.017651,0.0065943,0.0090499,0.022514,0.21309,0.10011
0.090072,0.00068312,0.0016312,0.00067545,0.081003,0.058571,0.00060028,0.00065812,0.00076527,0.00012819,0.10032,0.0011605,0.00078076,0.00043179,0.051005,0.098736,0.0012529,0.0010802,0.0013653,0.00021034,0.11957,0.0014967,0.00064691,0.0010052,0.032383,0.10668,0.0008547,0.00097804,0.00081923,0.00024173,0.095363,0.00045656,0.0012568,0.0010981,0.037034,0.055687,0.10937,0.16562
0.031288,0.000128,5.1728e-05,6.6744e-05,0.030021,0.0086597,0.00021785,0.00054987,2.7282e-05,2.8493e-05,0.050014,0.0015445,0.0030363,0.0031651,0.029648,0.099726,0.0012283,0.018723,0.0046474,0.017306,0.20055,0.027491,0.1017,0.028121,0.1823,0.028749,0.00075164,0.0010311,0.00024958,0.00087013,0.069326,0.016186,0.0099047,0.017828,0.020826,0.0093961,0.36692,0.13537
0.035444,0.00046901,0.010915,0.00039233,0.033878,0.0080722,0.00043987,0.00053121,0.00016999,0.00010396,0.043973,0.0048644,0.0029764,0.0040975,0.029445,0.10011,0.012534,0.026912,0.0057932,0.027171,0.16968,0.037107,0.065043,0.035472,0.15049,0.028821,0.0019202,0.00065774,0.0004189,0.00032866,0.071161,0.016986,0.012237,0.019059,0.014498,0.012135,0.3754,0.1552
0.017768,0.00023145,0.0050174,0.00022639,0.017311,0.012991,0.00037093,0.0012411,0.00030929,0.00024284,0.089761,0.0015332,0.0044737,0.0020958,0.058482,0.1689,0.0031876,0.051011,1.8113e-05,0.0033114,0.23533,0.017088,0.05315,0.016625,0.16527,0.056906,0.0019456,0.00094496,0.00067142,0.00074691,0.063654,0.015464,0.0064691,0.0156,0.040489,0.003867,0.22259,0.12823
0.018783,0.001172,0.00037143,0.0011482,0.018489,0.0047382,0.00037135,0.00010207,0.00036106,1.0088e-06,0.067982,0.0032768,0.00087548,0.0025374,0.061316,0.061727,0.0098736,0.0074953,0.0022333,7.4649e-05,0.23662,0.022697,0.04708,0.018403,0.21189,0.049614,0.0062124,0.0019181,0.00079283,0.00030062,0.077165,0.016079,0.012435,0.017819,0.058446,0.0034621,0.34741,0.1325
0.013312,0.00043684,0.00057361,0.00045189,0.013031,0.0059416,9.9468e-06,0.00011731,0.00028675,9.1543e-05,0.070685,0.0031446,0.0033409,0.0027709,0.055661,0.15023,0.010779,0.0058228,0.0053541,0.011608,0.21983,0.0097688,0.026534,0.006962,0.1713,0.042273,0.0022349,0.00042688,0.00069296,0.00058849,0.055769,0.012092,0.0070602,0.01261,0.042698,0.0025349,0.32917,0.11025
0.049554,0.0017095,0.0080902,0.0016083,0.045101,0.029953,0.0012279,0.002638,0.00071773,0.00040956,0.10806,0.0087367,0.005385,0.0068658,0.069139,0.2219,0.01419,0.061544,0.0090118,0.10228,0.17349,0.011299,0.018796,0.0076059,0.083333,0.074406,0.0048703,0.0032814,0.0016967,0.0010179,0.076513,0.0075284,0.0066188,0.0074161,0.0048552,0.021953,0.1487,0.095472
0.05437,0.0014617,0.0026104,0.0015617,0.051158,0.023905,0.00070954,0.00016161,0.00026502,0.00013002,0.097887,0.0032122,0.0079227,0.002113,0.058187,0.15609,0.0081837,0.01155,0.0092457,0.0023007,0.19302,0.014213,0.02435,0.01265,0.13088,0.06967,0.0021663,0.0011128,0.00042204,0.00053618,0.087438,0.009354,0.0025413,0.0098054,0.0072291,0.019907,0.1845,0.11321
0.053292,0.0012028,0.0061566,0.0013249,0.045539,0.030915,0.00087049,0.00085306,0.00035578,5.0304e-06,0.095945,0.011049,0.015034,0.01118,0.067778,0.14774,0.0037094,0.036958,0.0047569,0.071092,0.15266,0.016111,0.0055562,0.012664,0.074809,0.062441,0.004071,0.0021447,0.0013087,2.6829e-05,0.08628,0.009319,0.0065587,0.0086379,0.0068162,0.034911,0.2156,0.1202
0.023971,0.00012943,0.0010513,8.5646e-05,0.023711,0.0077975,0.00053932,0.00017278,0.00018001,1.3621e-05,0.081539,0.0056956,0.0032767,0.0047309,0.070236,0.097277,0.0094485,0.0096433,0.0091492,0.0066112,0.24951,0.024376,0.06441,0.02193,0.21409,0.061191,0.0027803,0.0027656,0.0012088,0.00082966,0.074451,0.012801,0.0080384,0.012887,0.050624,0.004386,0.30071,0.099167
0.0097448,0.00026528,0.00018886,0.00025697,0.0096378,0.0018642,0.00026625,5.6797e-05,6.5978e-05,4.2369e-05,0.0478,0.0043286,0.0042751,0.0039161,0.044939,0.036764,0.00092522,0.0086008,0.0056948,0.0089801,0.18327,0.016661,0.013374,0.015985,0.17332,0.027625,0.0012568,0.001702,0.00066785,0.00018461,0.082081,0.037236,0.02764,0.037227,0.074517,0.0014325,0.47419,0.13523
0.046,0.0012907,0.011802,0.0012328,0.044431,0.017029,0.0016619,0.0012477,0.00017346,3.0514e-05,0.083841,0.0085582,0.0018581,0.0062899,0.051272,0.15646,0.01341,0.013347,0.0077864,0.0019202,0.21917,0.029654,0.018277,0.025211,0.17029,0.060411,0.005613,0.0020698,0.00084173,2.9424e-05,0.0848,0.017454,0.014873,0.017659,0.015834,0.01153,0.20509,0.11567
0.018526,0.00049351,0.00047615,0.00049429,0.018036,0.0047443,0.000153,0.00026095,0.00018868,0.00013215,0.054727,0.0034822,0.0019166,0.0036785,0.045759,0.053647,0.0012107,0.012827,0.0032209,0.008278,0.20459,0.017497,0.062508,0.017361,0.18938,0.034416,0.0015365,0.001073,0.00049375,0.00020882,0.073986,0.022944,0.016611,0.022978,0.051609,0.0049874,0.44752,0.10286
0.078625,0.0013968,0.0027398,0.0013496,0.073583,0.041978,0.00082083,0.00054838,0.0013451,0.00020934,0.10435,0.0023787,0.0011278,0.0017978,0.059387,0.10793,0.0014564,0.0031157,0.0035081,0.0008247,0.13981,0.0034606,0.0037326,0.0034415,0.065407,0.10642,0.0020843,0.0013529,0.0019097,0.00040256,0.091287,0.0021258,0.0017256,0.0040352,0.010764,0.038474,0.13433,0.15679
0.0099092,0.00025326,0.0012812,0.00026325,0.0097861,0.0024776,0.00014515,0.00011636,0.00013754,0.00016342,0.058127,0.006072,0.0017827,0.0058091,0.050849,0.067249,0.0015455,0.016484,0.0074995,0.0037506,0.22695,0.031251,0.069991,0.032096,0.21125,0.03251,0.0012334,0.0013094,0.00042835,0.00059013,0.073142,0.028037,0.015786,0.028039,0.064731,0.0013548,0.39207,0.13621
0.030978,0.00040721,0.0088941,0.00049382,0.029842,0.010852,0.00023355,0.00028224,0.00021956,0.00011582,0.066249,0.0014376,0.0029831,0.0011336,0.043313,0.13938,0.0056048,0.029346,0.0052221,0.02888,0.23317,0.014723,0.030174,0.015477,0.19688,0.043849,0.0010056,0.00089843,0.0012048,0.0010006,0.065592,0.010677,0.0082399,0.011668,0.022878,0.0078678,0.26602,0.13604
0.02907,0.0007677,0.0017056,0.00067503,0.027824,0.012839,0.00049313,0.00011349,0.00024616,8.1735e-05,0.083169,0.0031267,0.00028173,0.0020283,0.058025,0.16338,0.0084489,0.0035643,0.0029554,0.0041031,0.22076,0.010557,0.0098793,0.0092918,0.16262,0.054519,0.0024117,0.00068225,0.00052448,0.0001493,0.067805,0.009349,0.0032609,0.011056,0.029281,0.0073539,0.23999,0.12112
0.036516,0.00030455,0.0055534,0.00041113,0.033133,0.011411,0.0001903,0.00035888,0.00010366,2.0202e-05,0.070106,0.0045451,0.014971,0.0051059,0.055383,0.13328,0.0079769,0.04002,0.00678,0.031493,0.1642,0.012238,0.023968,0.0082034,0.10775,0.040566,0.001854,0.0020231,0.00082755,0.0016255,0.079484,0.018452,0.010581,0.018721,0.030585,0.017006,0.29992,0.14751
0.07392,0.00081082,0.0021268,0.00065982,0.065935,0.051298,0.00080799,0.00082273,0.00056728,0.00030151,0.10423,0.0020037,0.0071284,0.0011145,0.052515,0.11743,0.0021428,0.011746,0.0010695,0.0080831,0.13078,0.0028454,0.0075365,0.0015069,0.038644,0.094351,0.0012569,0.0017043,0.00083177,0.0003056,0.092607,0.0094668,0.0080183,0.0098172,0.013804,0.044215,0.14652,0.14465
0.015971,0.00064649,0.0006507,0.0006206,0.015648,0.0072984,7.7943e-05,0.0001935,0.00045768,5.122e-05,0.084384,0.002133,0.0024676,0.0024628,0.067124,0.17733,0.0055742,0.016175,0.0046223,0.011313,0.23345,0.008879,0.0093886,0.0091015,0.17362,0.052888,0.0016377,0.0019556,0.00092281,0.00014167,0.065862,0.014182,0.0045837,0.014931,0.050289,0.0029697,0.24391,0.11594
0.042833,0.00083965,0.0089306,0.00066988,0.03887,0.018351,0.00045263,0.0007236,0.00030258,0.00041211,0.078298,0.0026153,0.0066123,0.0022449,0.057768,0.13495,0.0046221,0.033598,0.0018897,0.056233,0.16423,0.0057313,0.016448,0.0026782,0.10134,0.053592,0.00088003,0.0019472,0.00063931,0.0011569,0.084533,0.017871,0.014241,0.01772,0.022799,0.024169,0.28099,0.11806
0.012821,0.00049405,0.00069372,0.00049749,0.012651,0.0043796,0.00028905,0.0003616,0.00026861,6.5342e-06,0.050634,0.0040418,0.0047182,0.0037577,0.044059,0.056015,0.0038212,0.016904,0.0030388,0.0025614,0.19639,0.010945,0.052295,0.009555,0.17552,0.03256,0.002365,0.0026733,0.00081443,0.00039695,0.084976,0.033859,0.0057255,0.034788,0.074616,0.0026741,0.42041,0.13914
0.039459,0.0013106,0.001137,0.001197,0.037266,0.010844,0.00049401,0.00030095,0.00011035,0.00013719,0.067957,0.0051754,0.0017803,0.0048436,0.053185,0.097353,0.0047776,0.0058152,0.0056624,0.0023444,0.21484,0.024137,0.06226,0.023089,0.18326,0.045391,0.002155,0.00092046,0.00089972,0.00026632,0.095362,0.023436,0.015843,0.02452,0.03612,0.014616,0.29447,0.11971
0.04365,0.00072597,0.01393,0.00074824,0.041808,0.016679,0.00070623,0.0007148,0.00043013,0.00026482,0.090088,0.0086427,0.003817,0.0073144,0.061381,0.15859,0.0096967,0.025387,0.0065195,0.013329,0.23275,0.041029,0.074887,0.039354,0.17778,0.06554,0.0046693,0.0017014,0.0020758,0.00022668,0.0831,0.015897,0.014809,0.016589,0.020367,0.011517,0.19871,0.099378
0.025449,0.0010988,0.001735,0.0010303,0.024342,0.011898,0.00065588,0.00024968,0.0002739,0.00022232,0.076841,0.0064469,0.0044009,0.0055039,0.05653,0.14869,0.010044,0.019631,0.0031515,0.00075196,0.20584,0.02227,0.011361,0.018413,0.15166,0.048931,0.0034476,0.0017054,0.00062931,0.00027136,0.068621,0.011489,0.0025685,0.011891,0.035162,0.006821,0.31657,0.090331
0.028055,0.00057527,0.0025894,0.00055755,0.027102,0.016481,0.00031289,0.00014825,0.00032774,3.3784e-05,0.10776,0.0059469,0.0038828,0.0051727,0.078062,0.1972,0.0059795,0.034275,0.004826,0.0029675,0.23284,0.011137,0.03819,0.0096104,0.14576,0.074902,0.0027437,0.0021698,0.0018362,1.3078e-05,0.067968,0.011453,0.0054803,0.01208,0.034119,0.0072962,0.16845,0.099056
0.055044,0.00092283,0.020414,0.00080795,0.052662,0.02143,0.0011101,0.0021674,0.00032424,9.3722e-05,0.092589,0.0051504,0.0015484,0.0036142,0.058369,0.17771,0.0074829,0.020333,0.0051871,0.024593,0.21877,0.016614,0.036655,0.014655,0.1533,0.068375,0.0027821,0.0021739,0.0012839,0.00023213,0.089263,0.012625,0.020858,0.012505,0.0043984,0.014999,0.16283,0.098989
0.051091,0.0006442,0.0039778,0.00058248,0.047584,0.023399,0.0003795,0.00071041,0.00033902,6.6477e-05,0.097227,0.00161,0.0025615,0.00069976,0.063842,0.18192,0.0074627,0.0024003,0.0061603,0.016211,0.20838,0.0078066,0.012498,0.0090778,0.13105,0.071269,0.00089696,0.0022576,0.0013944,0.00072035,0.084575,0.0082581,0.0034217,0.0088709,0.007027,0.018412,0.16602,0.097706
0.11774,0.00058188,0.024436,0.0015362,0.090114,0.050962,0.0018749,0.0015812,0.00015758,0.001781,0.071179,0.0018484,0.0092902,0.0012593,0.0012498,0.11224,0.0034654,0.020039,0.0028107,0.033496,0.072741,0.0019558,0.010782,0.0010125,0.0054993,0.050681,0.00032219,0.0029168,4.0428e-05,0.0018748,0.11114,0.0027224,0.020217,0.0024104,0.077522,0.10102,0.12611,0.1862
0.087208,0.0017252,0.0024819,0.0029855,0.070397,0.037745,0.0010001,0.0017239,0.0016402,0.00049994,0.077522,0.0048761,0.0066331,0.01087,0.028653,0.12127,0.0044813,0.008071,0.0032377,0.018029,0.13848,0.013366,0.013626,0.011612,0.080115,0.05643,0.003798,0.0016085,0.0019154,0.0018748,0.0983,0.0092253,0.0019623,0.0055909,0.036808,0.060774,0.16945,0.15282
0.043629,0.00069841,0.0084743,0.00066834,0.041811,0.021238,0.00070154,0.00070482,0.00045799,0.00027463,0.10105,0.0094956,0.0050714,0.0072812,0.063946,0.18507,0.012753,0.024155,0.0087217,0.0035931,0.23477,0.0416,0.063511,0.039639,0.16147,0.072758,0.00472,0.0020533,0.0018698,0.00012969,0.077079,0.013557,0.01161,0.014389,0.013402,0.012377,0.15831,0.093719
0.015638,0.00033542,0.0018772,0.00030508,0.014338,0.010171,0.00035727,0.0015078,0.00020162,0.00034708,0.073589,0.0078856,0.0052356,0.0084664,0.050873,0.13872,0.0077678,0.0098794,0.002728,0.0065995,0.20344,0.024409,0.0061568,0.021769,0.15041,0.041229,0.0043563,0.00066856,0.0026187,0.00061936,0.051808,0.014114,0.003445,0.014022,0.032508,0.0053154,0.32078,0.1393
0.039006,0.0006365,0.0013493,0.00065082,0.038471,0.017113,0.0009898,0.00044866,0.0005464,0.0003152,0.11249,0.0040912,0.00445,0.0031402,0.093286,0.11649,0.0027871,0.0068799,0.0071367,0.00527,0.2363,0.0087101,0.0061248,0.007277,0.17304,0.094889,0.002295,0.0024586,0.0035369,0.00060954,0.085883,0.0073461,0.0039135,0.0083273,0.043102,0.0080394,0.19128,0.098511
0.018396,0.00078652,0.00010367,0.00073911,0.017789,0.0058097,0.00012191,0.00011344,0.00023553,2.6954e-05,0.053783,0.0034181,0.002497,0.0026736,0.041675,0.089054,0.0058114,0.013933,0.0024114,0.019396,0.22395,0.012422,0.044387,0.010823,0.20236,0.034738,0.0027237,0.0016593,0.00064751,0.00057583,0.076262,0.026627,0.022219,0.027432,0.055381,0.0039875,0.37488,0.11914
0.047498,0.00045596,0.0057461,0.00052152,0.044108,0.033992,0.00092186,0.0010081,0.00077581,0.00080754,0.11652,0.0026117,0.0027356,0.0016293,0.069771,0.17204,0.0028272,0.017915,0.0049953,0.0076765,0.19924,0.0069612,0.0071565,0.006338,0.095937,0.087453,0.0009263,0.0015977,0.0013327,0.0006833,0.074407,0.0076373,0.005231,0.0086244,0.0081081,0.019625,0.13867,0.11056
0.033511,0.00044612,8.7155e-05,0.00040761,0.033185,0.013248,0.00052023,0.00043213,0.00042398,4.1699e-05,0.10968,0.0015314,0.0024242,0.001428,0.096383,0.091782,0.0021078,0.0023518,0.0048148,0.0035346,0.2436,0.0045621,0.0028251,0.002775,0.19325,0.086157,0.00082494,0.0025169,0.0029387,0.00086955,0.086978,0.0051849,0.0026411,0.0066124,0.05382,0.0064339,0.24994,0.078673
0.02458,0.0006091,0.0034023,0.00056875,0.024188,0.010227,0.00079689,0.001685,0.00090919,0.00034218,0.10621,0.0050873,0.010142,0.0044278,0.090725,0.12204,0.0087335,0.019249,0.0099652,0.0040485,0.2514,0.014566,0.021677,0.013123,0.20003,0.071902,0.0022786,0.005979,0.0018523,0.00051511,0.090114,0.016173,0.0079849,0.017406,0.067447,0.0042496,0.22454,0.094743
0.026286,0.00047228,0.0053229,0.00044816,0.025622,0.01148,0.00062102,0.00067876,0.00053432,5.6417e-05,0.10801,0.0066796,0.015494,0.005758,0.092728,0.12737,0.011531,0.041029,0.010143,0.024497,0.24355,0.017168,0.040237,0.014064,0.18653,0.073941,0.0032895,0.006877,0.0023053,0.0012448,0.089621,0.015903,0.007712,0.01705,0.064859,0.005286,0.21886,0.095587
0.047493,0.00040359,0.025268,0.0003247,0.045401,0.03311,0.00048618,0.0072779,0.00026033,0.00073709,0.12679,0.0012848,0.011583,0.00015883,0.066556,0.23888,0.0040491,0.094209,0.0032608,0.0031507,0.21401,0.0032456,0.058115,0.0028603,0.11378,0.084635,0.00041273,0.0095405,0.0014871,3.1888e-05,0.069365,0.0025678,0.021697,0.0032749,0.00096889,0.013167,0.1031,0.069457
0.028196,0.00076614,0.00093827,0.00077564,0.02785,0.014571,0.00030408,0.00052264,0.00093269,9.4436e-05,0.11973,0.0012524,0.0050264,0.00065372,0.091343,0.20284,0.0075775,0.024924,0.010466,0.0034402,0.27017,0.0070249,0.027178,0.0065578,0.17879,0.09055,0.0018964,0.00089915,0.0022823,0.0009971,0.070968,0.0044016,0.0025475,0.0064337,0.040371,0.0051204,0.13241,0.065443
0.093863,0.0021718,0.038198,0.0016701,0.067117,0.0539,0.0017641,0.003734,0.0012335,0.00015623,0.093582,0.0063903,0.012305,0.0031458,0.03359,0.12402,0.022834,0.052902,0.012219,0.022591,0.09655,0.012415,0.022182,0.0051973,0.014998,0.067617,0.0037163,0.0056274,0.0018544,0.0018748,0.098738,0.0031021,0.033096,0.00050341,0.052931,0.081959,0.1212,0.16857
0.080865,0.0041694,0.025716,0.0040372,0.069304,0.044807,0.0005682,0.0035018,0.0014872,0.0020622,0.098581,0.004472,0.0027491,0.0028464,0.03059,0.16589,0.0071413,0.022475,0.0033934,0.013155,0.15423,0.010436,0.0021562,0.006597,0.058805,0.073303,0.0020399,0.0049556,0.00096305,0.00049994,0.098238,0.002259,0.026517,0.0035419,0.042557,0.055993,0.093457,0.13464
0.088583,0.0013052,0.023224,0.0014871,0.076584,0.06796,0.0040759,0.00092533,0.0011982,0.00028121,0.10824,0.0015575,0.0068063,0.0021574,0.024184,0.10889,0.0099373,0.026265,0.0072321,0.0047182,0.13545,0.022524,0.029112,0.019206,0.047338,0.081209,0.0022012,0.00025191,0.0019097,0.0042182,0.09805,0.0011646,0.023218,0.0023313,0.061117,0.060711,0.10174,0.14917
0.037356,0.00029151,0.0082035,0.0003522,0.034993,0.012434,0.00010083,0.0005285,0.00038899,9.2879e-05,0.0732,0.0047556,0.0046038,0.0046775,0.05905,0.10067,0.0043822,0.012147,0.0029437,0.0074896,0.19644,0.01954,0.034905,0.019375,0.15928,0.05051,0.0011463,0.00083999,0.0016354,5.3843e-06,0.090184,0.022614,0.016888,0.023238,0.041106,0.013295,0.33591,0.089993
0.11224,0.003157,0.0019747,0.0036604,0.083677,0.044244,0.0014809,0.00088377,0.00026858,0.0012498,0.075522,0.0033272,0.00084133,0.0011158,0.00978,0.07321,0.0052846,0.0023823,0.00089353,0.0035308,0.071085,0.005507,0.001378,0.0016998,0.014967,0.053493,0.0055252,0.0015256,0.0012882,0.00012498,0.10864,0.0024238,0.00075056,0.0028344,0.078209,0.10971,0.14464,0.20722
0.029459,0.00055954,0.0032011,0.00044321,0.028763,0.011906,0.00028494,0.00032502,0.00039311,5.8869e-05,0.097383,0.0015586,0.00077255,0.00090413,0.080375,0.14852,0.0049764,0.024501,0.0078582,0.055771,0.23831,0.0055556,0.025513,0.0088281,0.18601,0.070376,0.0015275,0.0021157,0.0019745,0.00091002,0.08212,0.011914,0.0064119,0.013523,0.052328,0.0065529,0.23549,0.079888
0.026777,0.0011786,0.0021188,0.0011746,0.026375,0.010609,0.00021896,0.00088495,0.00076039,0.00018151,0.11121,0.0013373,0.0077139,0.0013168,0.097041,0.14162,0.0033961,0.030904,0.0094475,0.0016741,0.26208,0.0059175,0.042519,0.0037637,0.19812,0.08208,0.003974,0.0033535,0.0017936,4.5379e-05,0.089474,0.011778,0.0078608,0.013517,0.065365,0.0047942,0.19552,0.075835
0.03018,0.00035472,0.0044732,0.00032513,0.028527,0.021372,0.00043194,0.002673,0.00060361,0.00056907,0.10707,0.0026534,0.0030806,0.0015441,0.073118,0.16888,0.0028501,0.024324,0.0037587,0.018912,0.23909,0.0092232,0.022619,0.0075059,0.15648,0.069784,0.00090947,0.0019192,0.00084018,0.0011786,0.072907,0.014161,0.0081023,0.015363,0.034343,0.0093185,0.18683,0.094566
0.018166,0.0004697,0.0016312,0.00045796,0.01798,0.0061482,0.00029755,0.00043253,0.00035071,0.00017048,0.087108,0.0034517,0.0055765,0.0025387,0.075119,0.12588,0.0044736,0.008123,0.0076883,0.0086538,0.26614,0.0093393,0.04544,0.0088439,0.22076,0.060284,0.0011708,0.0014993,0.0013909,0.00021953,0.077613,0.01628,0.0058356,0.016929,0.0623,0.0025927,0.25433,0.10175
0.071929,0.00089695,0.022061,0.0014015,0.066554,0.065273,0.00084298,0.0022369,0.0053552,0.0052806,0.12802,0.00068461,0.015642,0.0051583,0.024028,0.15045,0.0087277,0.048107,0.0067738,0.0047182,0.13592,0.0024962,0.02594,0.0024037,0.055431,0.07624,0.0015925,0.0022541,0.0011684,0.0049994,0.08927,0.0046944,0.021916,0.0038567,0.048213,0.040714,0.13351,0.10867
0.084052,0.0055845,0.022194,0.0052821,0.072678,0.044994,0.0049094,0.0032846,0.0018362,0.00018748,0.089333,0.0055704,0.014967,0.0043489,0.0014686,0.10089,0.0035569,0.032038,0.013938,0.012717,0.12214,0.011143,0.045934,0.0056292,0.060711,0.059399,0.0050788,0.0092767,0.00091747,0.0018435,0.098488,0.0027899,0.030282,0.012952,0.046744,0.054431,0.19982,0.14645
0.11695,0.00030481,0.045932,0.0009157,0.090895,0.057055,0.0027536,0.0018438,0.0023971,0.00024997,0.066273,0.0056547,0.011764,0.0017168,0.01328,0.08374,0.0046742,0.026997,0.0023,0.0042495,0.069616,0.0038712,0.017808,0.0015606,0.0028121,0.063211,0.0015891,0.0041322,0.0020517,0.0025309,0.11633,0.0014993,0.042964,0.0019522,0.083833,0.10733,0.12383,0.19566
0.1147,0.0019495,0.030563,0.00093169,0.08677,0.050119,0.0025528,0.00069025,0.0010482,0.00037495,0.068898,0.0030688,0.0087744,0.0010697,0.011155,0.098206,0.0037462,0.010848,0.0038573,0.036777,0.07146,0.00051226,0.0096623,0.001624,0.00978,0.053775,0.00087391,0.00033798,0.0012684,0.0012186,0.10839,0.0021551,0.024761,0.0014524,0.077272,0.10292,0.13917,0.19235
0.080459,0.0037288,0.021847,0.0024326,0.064836,0.03837,0.0019371,0.0016356,0.0009145,0.0024997,0.085708,0.0088965,0.0092229,0.010987,0.027528,0.1268,0.018707,0.032278,0.0043901,0.011061,0.14454,0.030175,0.047966,0.014995,0.073053,0.05993,0.0046097,0.0017681,0.0050791,0.00024997,0.10167,0.0093518,0.020097,0.0095816,0.031059,0.068773,0.12173,0.17201
0.046588,0.0025962,0.010197,0.0021104,0.039276,0.019373,0.0030455,0.001838,0.00077027,0.00037495,0.096144,0.031129,0.011842,0.02853,0.073522,0.1172,0.049334,0.047147,0.018838,0.021154,0.27609,0.18281,0.19651,0.17788,0.23328,0.067773,0.018262,0.011211,0.0051615,0.0035308,0.09177,0.028906,0.0098524,0.029734,0.032402,0.027934,0.13126,0.12586
0.065461,0.0049482,0.028265,0.001924,0.056649,0.035496,0.0061393,0.0039029,0.0029615,0.003687,0.09377,0.025714,0.021834,0.013568,0.056274,0.14901,0.064405,0.074824,0.024498,0.0049681,0.22803,0.12789,0.1351,0.10647,0.14786,0.077115,0.01788,0.0083265,0.0036493,0.0062492,0.083083,0.010961,0.022796,0.0086577,0.011092,0.042713,0.1177,0.10761
0.061586,0.0015981,0.025562,0.0016856,0.0534,0.038964,0.0060911,0.0046118,0.00075312,0.0033433,0.078084,0.012016,0.015685,0.0035481,0.026465,0.083271,0.016118,0.040012,0.0049736,0.014904,0.099613,0.018407,0.028427,0.010865,0.034621,0.057462,0.005987,0.0063682,0.001773,0.0035933,0.31877,0.25293,0.24929,0.2509,0.21922,0.043057,0.088083,0.13111
0.060149,0.0047064,0.027403,0.0035138,0.0524,0.028871,0.0037664,0.0027411,0.00077429,0.0023747,0.096394,0.015955,0.016991,0.0075874,0.051775,0.14264,0.028275,0.069745,0.016901,0.018341,0.1931,0.034711,0.063622,0.027339,0.12823,0.069398,0.011068,0.00031402,0.0013806,0.0011561,0.093238,0.015873,0.023787,0.015368,0.013186,0.040807,0.15111,0.1243
0.091395,0.0009881,0.032903,0.0010047,0.080896,0.061742,0.0022436,0.0062762,0.0004924,0.0013123,0.1013,0.0025505,0.0069759,0.0012933,0.011936,0.090582,0.0011657,0.02098,0.0037638,0.0020935,0.1278,0.004897,0.01103,0.0038087,0.040245,0.07724,0.0010617,0.0058171,0.0018772,0.00099988,0.12395,0.031106,0.040947,0.033631,0.029465,0.062617,0.098363,0.16501
0.094894,0.0046533,0.04792,0.0043223,0.071647,0.054806,0.0007975,0.0050074,0.00029406,0.00049994,0.094207,0.0028399,0.016796,0.0015997,0.02684,0.15692,0.010045,0.077338,0.0062055,0.026372,0.097957,0.0069402,0.031414,0.0060913,0.013155,0.063492,0.0021905,0.0043523,0.0012219,0.0024372,0.09705,0.0019697,0.042965,0.0014217,0.057743,0.080302,0.10549,0.15489
0.1033,0.0010113,0.052778,0.0010289,0.089364,0.067617,0.001923,0.0061269,0.00064378,0.0026872,0.10655,0.0034595,0.011217,0.0018647,0.0016248,0.10649,0.01104,0.044057,0.0051817,0.003687,0.10727,0.0061083,0.016634,0.0070545,0.023591,0.075647,0.0015181,0.0080712,0.0003663,0.0012186,0.10214,0.00085247,0.052089,0.00073787,0.078646,0.07396,0.0963,0.16073
0.056087,0.003044,0.019968,0.0029076,0.049713,0.029309,0.0028302,0.0022927,0.0017872,0.00093738,0.10305,0.015641,0.0034376,0.015322,0.074303,0.14186,0.035649,0.049606,0.008365,0.017498,0.20557,0.064881,0.081948,0.050706,0.12689,0.092207,0.018055,0.0019814,0.0032596,0.002156,0.091332,0.007795,0.015873,0.005072,0.0091551,0.030059,0.13239,0.11814
0.029264,0.0024886,0.0020642,0.0017141,0.026916,0.012244,0.0019948,0.00072996,0.00034226,0.00014166,0.0596,0.015867,0.0024127,0.013273,0.048712,0.075749,0.015239,0.014268,0.0044403,0.00099164,0.19756,0.10341,0.10708,0.096801,0.16376,0.0443,0.011139,0.0022059,0.0015542,0.0013559,0.055795,0.0053104,0.00027227,0.001773,0.014389,0.012325,0.31834,0.19483
0.04178,0.00065247,0.0012194,0.00071182,0.036926,0.017877,0.00086613,0.00063949,0.00069747,0.00048534,0.061395,0.0010916,0.002294,0.0012083,0.043276,0.07458,0.0065141,0.0064582,0.0022013,0.0027503,0.14184,0.0040831,0.029732,0.0080813,0.10415,0.043458,0.0012833,0.0022407,0.00029627,0.0009909,0.075329,0.010576,0.01367,0.013014,0.009727,0.02087,0.44508,0.077796
0.019165,0.0022035,0.00234,0.0020357,0.017303,0.013458,0.0023502,0.0013905,0.00098303,6.0713e-05,0.048651,0.0046682,0.00069871,0.0033268,0.034242,0.091272,0.0072474,0.002908,0.0036489,0.0058689,0.093821,0.009914,0.0052012,0.0055887,0.043632,0.033372,0.0052669,0.0029356,0.00069476,0.00026309,0.038492,0.0042635,0.006138,0.0067111,0.0042499,0.0082165,0.62255,0.031004
0.013355,0.00084988,0.00035854,0.0010212,0.010437,0.0059784,0.0008023,0.0007725,0.00036408,0.00022292,0.039944,0.0033988,0.00065135,0.0041896,0.031392,0.058427,0.0083895,0.0092809,0.0011677,0.0075592,0.083759,0.019426,0.0072502,0.01655,0.057616,0.022657,0.0029944,0.00088893,0.0001624,0.00052691,0.033986,0.0063625,0.0019915,0.0061943,0.014733,0.0071539,0.69046,0.044281
0.044089,0.00068955,0.0030163,0.00020209,0.034413,0.029899,0.0030189,0.00058425,0.0010411,2.0243e-05,0.060405,0.0048596,0.007972,0.0031447,0.025304,0.079879,0.0012496,0.020016,0.004307,0.0056275,0.1431,0.011261,0.045565,0.016831,0.089372,0.04085,0.0016935,0.0024075,0.00074145,0.00076923,0.10211,0.041066,0.040729,0.042101,0.023644,0.033866,0.36253,0.10328
0.027571,0.001844,0.00076115,0.0016865,0.023245,0.016999,0.0021362,0.0014385,0.00077885,0.00042447,0.067128,0.005174,0.010121,0.0031415,0.039274,0.12892,0.0079102,0.016318,0.008214,0.0016979,0.13652,0.014569,0.041318,0.022904,0.075314,0.034726,0.00373,0.0021508,0.00076228,8.0852e-05,0.046955,0.0021195,0.0014728,0.0044657,6.0639e-05,0.015968,0.46003,0.065187
0.011545,0.00075156,0.00018576,0.00066049,0.0098525,0.0050169,0.00069344,0.00030222,0.00031568,0.00026193,0.021317,0.0032415,0.0012596,0.0032953,0.016723,0.041707,0.0087987,0.0056318,0.005894,0.0018536,0.10338,0.049256,0.051159,0.048578,0.082548,0.017811,0.0032548,0.000217,0.00080909,8.0593e-05,0.093045,0.075806,0.074492,0.076122,0.076322,0.0061654,0.4838,0.21621
0.03509,0.0018696,0.00055619,0.0016526,0.029138,0.024392,0.00091305,0.00069106,0.00070364,0.00070381,0.066883,0.0020772,0.0011106,0.0019461,0.039414,0.11317,0.013871,0.0035084,0.011148,0.001287,0.10618,0.0076513,0.0062951,0.0031995,0.048664,0.042048,0.0011217,0.0024125,0.0003828,0.0013875,0.067908,0.0088871,0.00058455,0.010322,0.011321,0.021698,0.45686,0.065777
0.028737,0.0020154,0.0029616,0.0017986,0.026309,0.014834,0.0018092,0.00085214,0.00034955,0.00014166,0.063667,0.001683,0.00078953,0.0015069,0.051242,0.080525,0.011687,0.011325,0.013426,0.0034202,0.16423,0.012871,0.042067,0.0066927,0.1246,0.049764,0.00058121,0.0046705,0.0050195,0.00074879,0.067573,0.0093074,0.0043648,0.012123,0.024022,0.014409,0.23589,0.28037
0.011658,0.00049773,0.0033815,0.00041244,0.010484,0.0042706,0.00021368,0.00042503,0.00032544,0.00042503,0.044406,0.006389,0.010923,0.0054731,0.040155,0.073146,0.030952,0.030649,0.0071404,0.0015787,0.17117,0.041079,0.06638,0.032577,0.14789,0.028558,0.0082704,0.004692,0.0021328,0.0011941,0.11209,0.065208,0.05968,0.066149,0.09205,0.0061731,0.48889,0.059646
0.044576,0.0011473,0.0013814,0.00069198,0.035688,0.024533,0.00027936,0.00035272,0.00063656,1.7347e-18,0.058906,0.0012693,0.0061293,0.00065165,0.028886,0.076161,0.0015991,0.011611,0.0021505,0.0014284,0.081285,0.0037007,0.0049258,0.0031027,0.028319,0.036595,0.0010788,0.00017268,0.00028357,9.0695e-05,0.061536,0.0086801,0.008652,0.0086119,0.0052603,0.028818,0.50295,0.084641
0.039038,0.0021385,0.00028115,0.0016194,0.031874,0.024285,0.001088,0.0001619,0.00039958,0.0001619,0.076377,0.006182,0.0094588,0.0063884,0.049987,0.11697,0.025021,0.021665,0.016341,0.00089045,0.13096,0.022737,0.014358,0.014864,0.058062,0.047518,0.0023565,0.0018051,0.00032224,0.0012143,0.070872,0.011566,0.0086614,0.012509,0.0078522,0.022808,0.39342,0.077753
0.03404,0.0008837,0.013097,0.00073562,0.029223,0.016959,0.0010684,0.0020085,0.00067759,0.0008095,0.05537,0.003379,0.0075645,0.0036677,0.040718,0.078279,0.0027678,0.025236,0.003003,0.0012952,0.095198,0.0023245,0.011247,0.0040457,0.055896,0.034849,0.0016079,0.0019295,0.0015247,0.00040475,0.065448,0.010779,0.01546,0.010253,0.0081355,0.01619,0.54243,0.061239
0.015806,0.001247,0.0037807,0.0011437,0.013151,0.0065957,0.00029116,0.00044513,0.00018249,4.0218e-05,0.024593,0.0019577,0.0078177,0.0023579,0.017595,0.046995,0.015627,0.026125,0.014481,0.02021,0.054636,0.01745,0.019131,0.017443,0.034768,0.014398,0.002446,0.00068371,0.0015524,0.00048262,0.053289,0.030059,0.026016,0.028014,0.026101,0.0093708,0.74182,0.032496
0.015698,0.00053618,0.0041368,0.00047829,0.01477,0.0060734,0.00030168,0.0012108,0.00033428,0.00010089,0.023931,0.0023992,0.001307,0.0024069,0.018523,0.031538,0.0018103,0.0044074,0.0027631,0.0010694,0.056073,0.0013533,0.016091,0.0022392,0.040335,0.015819,0.00063646,0.0022577,0.00047963,0.00040355,0.061542,0.03131,0.025028,0.032352,0.032082,0.006134,0.72904,0.054157
0.026592,0.002048,0.0013193,0.0016484,0.020076,0.016069,0.0021723,0.00054379,0.00021653,0,0.033574,0.0032602,0.0023224,0.0016735,0.015684,0.065529,0.0027534,0.010831,0.0049683,0.0082165,0.087426,0.022058,0.04093,0.025629,0.054196,0.02216,0.0014553,0.00055681,0.00075046,0.00054641,0.040414,0.0058786,0.0069747,0.0080972,0.00099164,0.019813,0.61947,0.068949
0.010888,0.00049527,0.0050189,0.00060479,0.0097545,0.0052618,0.00073766,0.00040978,0.00029424,0.00020238,0.013195,0.00080137,0.001179,0.00095867,0.0086212,0.017364,0.0003346,0.0072748,0.00028809,0.0020238,0.019469,0.00022642,0.0050204,0.0007793,0.0092688,0.0081557,0.00012199,0.0010734,0.00057443,0.00014166,0.015927,0.0011813,0.0053565,0.00025167,0.005282,0.004857,0.88657,0.018315
0.0187,0.00082868,0.00054679,0.00098632,0.016635,0.0084998,0.00020378,0.00028188,0.00032796,0.00044523,0.024366,0.00056766,0.002948,0.0002505,0.015947,0.034485,0.0015697,0.0037316,0.00097642,0.001619,0.037966,0.0015359,0.002453,0.0011166,0.021371,0.016352,0.0006149,0.0013669,0.0011718,4.0475e-05,0.029385,0.00074403,0.0035421,0.0012028,0.0097545,0.010018,0.7852,0.035031
0.042107,0.0021458,0.0043486,0.0016749,0.031792,0.021842,0.0004692,0.0016199,0.00070226,0,0.048315,0.0010345,0.0073083,0.00098526,0.026069,0.076447,0.0034138,0.01773,0.0031257,0.0044897,0.070582,0.0030668,0.0063318,0.00088555,0.02617,0.032399,0.00060696,0.0014875,0.00065199,0.0014561,0.059681,0.0092952,0.011532,0.009134,0.0063301,0.029446,0.54645,0.072726
0.056547,0.0020261,0.00061741,0.0014446,0.047667,0.028193,0.0004101,0.001376,0.00092327,0.0001009,0.080844,0.004523,0.0035743,0.0043394,0.051421,0.13882,0.001514,0.014275,0.006874,0.0067606,0.13174,0.0063397,0.013502,0.0055278,0.069018,0.052006,0.0021449,0.00081351,0.001197,0.00022199,0.086919,0.010692,0.0064794,0.0127,0.0032895,0.029565,0.29361,0.10175
0.047437,0.0025859,0.0086625,0.0022894,0.042094,0.024123,0.001128,0.0023911,0.00044947,0.00040475,0.080343,0.006087,0.0015492,0.0057351,0.058729,0.1094,0.00676,0.0045618,0.0066931,0.0027523,0.14769,0.0025604,0.015958,0.0069135,0.083703,0.053974,0.0014579,0.0036228,0.00087757,0.00010119,0.11499,0.040059,0.038708,0.042475,0.038573,0.02552,0.28618,0.11034
0.023042,0.00071628,0.00095594,0.00096018,0.020529,0.01145,0.00071795,0.00068575,0.00061701,2.0266e-05,0.0381,0.0029982,0.0021619,0.0032936,0.026751,0.039113,0.00072053,0.0066277,0.001563,0.0024724,0.12261,0.032273,0.012717,0.031711,0.099627,0.027825,0.0017093,0.00091825,0.0019506,0.00066877,0.060798,0.020416,0.011475,0.021193,0.02744,0.013234,0.4055,0.25833
0.014418,0.0016435,0.0033584,0.0016275,0.014096,0.0017495,0.00031494,0.00016212,0.00027624,0.00030163,0.025036,0.0057111,0.0011871,0.0056126,0.02218,0.045104,0.0069654,0.0094788,0.02088,0.00074403,0.22082,0.025932,0.041204,0.026141,0.21808,0.020169,0.0045443,0.0023125,0.0033437,0.00062338,0.097428,0.051267,0.03265,0.053537,0.074986,0.0016892,0.46697,0.10662
0.01476,0.00066906,0.0059133,0.00054886,0.014277,0.0025538,0.00012147,0.00036915,0.00029657,0.00026142,0.038569,0.0080067,0.00028438,0.0078872,0.036719,0.048422,0.0074994,0.0022443,0.0062408,0.00024131,0.17127,0.0076265,0.096204,0.0060143,0.16166,0.025116,0.0060499,0.0036716,0.00059672,0.0017897,0.068833,0.015269,0.010262,0.016408,0.035533,0.0031772,0.52301,0.10429
0.017193,0.00069205,0.0064349,0.00065643,0.016751,0.0026544,6.633e-05,0.00051268,0.00037788,0.0004424,0.044964,0.0076997,0.0003023,0.0078581,0.042913,0.051278,0.0054918,0.0052528,0.0043516,0.00080436,0.18054,0.01357,0.076998,0.012766,0.16867,0.029198,0.0055779,0.0035352,0.0017335,0.002212,0.081904,0.018269,0.01007,0.020205,0.046432,0.0036196,0.462,0.12665
0.0066159,0.00065831,0.0010263,0.00061334,0.0065354,0.0011462,0.00010802,0.00048969,0.00015201,0.00010054,0.017656,0.0011735,0.0013196,0.0013129,0.014639,0.044863,0.0025508,0.015697,0.0059197,0.00098534,0.15426,0.054775,0.11653,0.053541,0.14943,0.014378,0.0030818,0.0045238,0.0034568,0.0013071,0.040379,0.01514,0.0042305,0.015488,0.022603,0.001287,0.66601,0.053409
0.015315,0.0038905,0.0074961,0.0037854,0.015113,0.0046874,0.0010974,0.0018893,0.00032432,8.0818e-05,0.039702,0.013915,0.0047344,0.013319,0.031984,0.10498,0.021258,0.023781,0.031067,0.0035156,0.19483,0.06849,0.10333,0.067961,0.18154,0.030973,0.011727,0.0098042,0.010202,0.0037782,0.059442,0.016941,0.012065,0.011745,0.023114,0.0017982,0.49861,0.049663
0.015466,0.0013354,0.0028144,0.0013175,0.015101,0.0012146,0.00029211,0.00014597,0.00018528,0.00016194,0.029494,0.0062489,0.0016806,0.0059626,0.028036,0.035931,0.0051263,0.0038315,0.0052352,0.003664,0.19623,0.048634,0.042107,0.047183,0.19073,0.019352,0.0032164,0.001859,0.0017875,0.00068826,0.076194,0.034108,0.014939,0.03347,0.043441,0.0021255,0.42478,0.19921
0.046644,0.007512,0.017102,0.0072989,0.043135,0.010486,0.0023298,0.0023963,0.00087727,0.00016133,0.045777,0.0060396,0.0077148,0.00522,0.037348,0.090365,0.0079028,0.0089229,0.023005,0.0027628,0.19781,0.060256,0.1066,0.058125,0.17785,0.039385,0.0042198,0.0093349,0.0018818,0.0038517,0.084073,0.019549,0.019515,0.016626,0.00078648,0.013995,0.3737,0.097766
0.042571,0.011985,0.028032,0.012117,0.041404,0.015926,0.0037888,0.00675,0.0012668,0.00040218,0.069919,0.012947,0.0066583,0.010312,0.044461,0.18551,0.019813,0.026827,0.024672,0.01112,0.22773,0.061222,0.041993,0.048205,0.16495,0.059683,0.018071,0.018091,0.0042175,0.0042229,0.074826,0.017037,0.028582,0.0177,0.0017495,0.0051479,0.25223,0.06646
0.024654,0.0062123,0.01098,0.0058136,0.023447,0.0076213,0.0026197,0.0017458,0.0017038,0.0017495,0.040339,0.0055923,0.0024219,0.0044506,0.032737,0.084076,0.011494,0.0097904,0.0045101,0.004243,0.11291,0.030581,0.022348,0.023863,0.084237,0.030365,0.0058751,0.0042052,0.0028575,0.0026142,0.045547,0.0036773,0.0071935,0.0061754,0.0024734,0.0054093,0.60502,0.044059
0.015403,0.00080129,0.0037805,0.00074815,0.015162,0.0020511,0.00025499,0.00042277,0.00028666,0.00024131,0.028253,0.0057417,0.0010972,0.0050676,0.02584,0.038046,0.0076053,0.0026251,0.0049831,0.0016489,0.15243,0.042492,0.064812,0.042012,0.14587,0.019405,0.0042475,0.0040253,0.0027566,0.00038207,0.059161,0.021723,0.0048969,0.023242,0.027951,0.0017897,0.60339,0.080074
0.022663,0.0025037,0.0054741,0.0024562,0.021336,0.0065756,0.0010552,0.00083905,0.00046058,0.00030163,0.041364,0.010439,0.0041953,0.010406,0.032597,0.087172,0.0063427,0.0024557,0.011639,0.006455,0.13105,0.0050521,0.012374,0.011844,0.10503,0.030103,0.0065079,0.0035328,0.0012306,0.0015886,0.501,0.45813,0.45552,0.45648,0.46251,0.0055903,0.12349,0.050996
0.017254,0.0013738,0.00072504,0.0013002,0.01669,0.0038609,1.0449e-05,0.00069194,0.00045132,8.0436e-05,0.051519,0.0090547,0.0025904,0.0096066,0.045044,0.081321,0.017261,0.023185,0.042171,0.0025337,0.20837,0.021297,0.043639,0.020445,0.1996,0.032818,0.0056858,0.0018309,0.0021068,0.0016489,0.26421,0.20519,0.20368,0.20718,0.23638,0.0024533,0.21957,0.11862
0.013657,0.00092739,0.0040002,0.00097236,0.013172,0.0026465,9.0225e-05,0.00026572,0.00024747,0.00030303,0.041616,0.019132,0.0023062,0.019416,0.039596,0.048929,0.0041678,0.012036,0.0080211,0.0039192,0.1043,0.045579,0.052122,0.043447,0.091172,0.022263,0.0058944,0.00066268,0.0015126,0.0020606,0.047737,0.019092,0.0018978,0.017855,0.022646,0.0030707,0.66784,0.047939
0.019124,0.0011263,0.0014915,0.0010474,0.017153,0.0046452,0.00015054,0.00055473,0.00044329,0.00010054,0.02586,0.0055879,0.0018294,0.0053931,0.020069,0.053973,0.011012,0.006389,0.016376,0.00068371,0.16168,0.010521,0.11816,0.0067001,0.15009,0.021818,0.004609,0.0053324,0.0022379,0.0009049,0.045406,0.016366,0.012441,0.016715,0.027992,0.0084056,0.58503,0.074061
0.02896,0.0045088,0.012791,0.0044786,0.026248,0.01018,0.0015606,0.0023128,0.0010167,0.0014773,0.072147,0.013158,0.0031649,0.012939,0.058709,0.12045,0.038147,0.033377,0.050887,0.022707,0.19009,0.03453,0.02261,0.028693,0.16281,0.041791,0.007524,0.0053599,0.0031698,0.0039463,0.074373,0.0025753,0.0096724,0.0069925,0.028677,0.011151,0.33341,0.11744
0.010095,0.000276,0.0032778,0.00024761,0.0098936,0.0034789,0.0003033,0.0014368,0.00029176,0.00062338,0.02025,0.0012595,0.0016921,0.0021258,0.014137,0.082728,0.0071578,0.035263,0.027357,0.0058316,0.19554,0.015528,0.13242,0.014351,0.18818,0.017434,0.0012198,0.0057414,0.0044781,0.00054294,0.044441,0.016849,0.0092054,0.015551,0.019425,0.0011462,0.58606,0.03883
0.021459,0.0018279,0.0062088,0.0019182,0.020691,0.0054152,0.00095342,0.0014005,0.00040087,8.0824e-05,0.033441,0.0028869,0.0034943,0.0033124,0.027581,0.066013,0.0019169,0.0017575,0.010447,0.0043443,0.14217,0.025604,0.06258,0.024918,0.12419,0.025844,0.0021444,0.0055412,0.001564,2.0206e-05,0.051546,0.011955,0.010575,0.010683,0.0050717,0.0040614,0.59511,0.05494
0.011985,0.00061897,0.0025176,0.00049931,0.011543,0.002775,6.8656e-05,0.0010379,1.178e-05,0.00020109,0.026182,0.0013205,0.001741,0.0016361,0.021114,0.076776,0.012964,0.021222,0.023874,0.007199,0.16475,0.030334,0.084479,0.028921,0.15526,0.017113,0.0022261,0.0055387,0.0044362,0.0015082,0.36423,0.32924,0.31756,0.33143,0.33709,0.0022321,0.2402,0.093748
0.052193,0.017202,0.031814,0.016829,0.050048,0.013094,0.0019473,0.0033392,0.0025541,0.00046546,0.035517,0.0045454,0.001093,0.0058643,0.022565,0.11191,0.018347,0.025909,0.034054,0.0011333,0.32085,0.21798,0.17688,0.21616,0.29721,0.033534,0.0092822,0.008715,0.0023764,0.00030356,0.079311,0.017921,0.02849,0.026493,0.012284,0.010301,0.24463,0.098658
0.016892,0.0012205,0.0019113,0.0011475,0.016288,0.0019908,8.4087e-05,0.00015706,1.4427e-05,0.00034185,0.030948,0.0035839,0.0001854,0.0032258,0.027006,0.054998,0.0068169,0.0015082,0.021024,0.0016288,0.22311,0.039715,0.033602,0.039934,0.21917,0.020833,0.0018505,0.0008252,0.0029696,0.00016087,0.071769,0.028444,0.0089518,0.028675,0.044622,0.0028756,0.32092,0.25567
0.031804,0.0015026,0.0077899,0.0017071,0.026827,0.010763,0.0015867,0.0034355,0.00054186,0.00028325,0.035082,0.0081708,0.0053414,0.0076293,0.014526,0.081737,0.024259,0.025625,0.040995,0.012058,0.076456,0.02003,0.020707,0.016918,0.061161,0.01742,0.0028619,0.0047891,0.0020921,0.0013151,0.027738,0.0028001,0.0086807,0.003345,0.0074251,0.015214,0.66749,0.036296
0.015001,0.002436,0.0035607,0.0024708,0.014478,0.0012669,0.0001935,0.00029894,7.3617e-05,0.00038207,0.046653,0.021453,0.010921,0.021988,0.0442,0.050755,0.0031652,0.0040547,0.020081,0.0032577,0.1741,0.040225,0.067305,0.038979,0.16884,0.022482,0.0052416,0.00065408,0.0013764,0.0010457,0.085664,0.043539,0.022784,0.04332,0.061976,0.0017897,0.53715,0.065133
0.0057089,0.00060714,0.0022795,0.00060524,0.0056282,0.0011297,0.00028731,0.00053066,0.00011614,0.00024207,0.043129,0.018274,0.00062307,0.018058,0.040991,0.056544,0.01158,0.012465,0.024869,0.0011498,0.16993,0.024755,0.062891,0.02221,0.16086,0.026043,0.0051752,0.0069183,0.0053594,0.00078673,0.082526,0.050114,0.023698,0.0505,0.076233,0.00050432,0.45671,0.15777
0.018822,0.0021496,0.012226,0.0020716,0.018661,0.0014881,0.00030692,0.00015315,0.00018325,8.0436e-05,0.021456,0.00093807,0.0020591,0.0011954,0.019405,0.037684,0.0017233,0.012834,0.0071165,0.0039011,0.11724,0.0050016,0.014741,0.0052612,0.11293,0.015383,0.00093101,0.0016637,0.00094201,0.00046251,0.060689,0.024643,0.0098304,0.024544,0.032818,0.0030163,0.61527,0.10895
0.028483,0.0017516,0.0031771,0.0018886,0.021453,0.01711,0.00041498,0.00049686,0.00015645,0.00090902,0.037027,0.0020767,0.0014147,0.0027743,0.01913,0.065308,0.0099336,0.018419,0.008626,0.00098982,0.079367,0.019516,0.03138,0.01874,0.048218,0.026402,0.001311,0.00045395,0.0010845,0.00046461,0.29891,0.26241,0.26113,0.26323,0.25257,0.021857,0.23136,0.19419
0.062237,0.0017384,0.0019469,0.00075117,0.047876,0.042273,0.0024925,0.0010146,0.00067415,0.00084951,0.098766,0.0065901,0.0030284,0.0020152,0.040028,0.21218,0.027777,0.016762,0.010906,0.018487,0.14169,0.010793,0.0068191,0.00022779,0.024575,0.062561,0.0037792,0.0013369,0.00068966,0.0021642,0.068244,0.0011294,0.0024272,0.0028031,0.023422,0.047573,0.12338,0.1411
0.093133,0.0001344,0.0037562,0.00076151,0.066055,0.060834,0.00061696,0.0020646,0.00074923,0.00060713,0.094611,0.00218,0.0034014,0.0017289,0.032077,0.15623,0.0067877,0.011145,0.0015558,0.00052618,0.10722,0.0040796,0.0027766,0.0013214,0.0020642,0.078117,0.0025211,0.0021797,0.0010226,0.00056665,0.092648,0.0018119,0.0063383,0.0015041,0.048246,0.08346,0.084775,0.14897
0.07494,0.0014997,0.011549,0.0016972,0.051307,0.058781,0.00068907,0.0010738,0.0015277,0.00040399,0.10451,0.0033303,0.0029,0.0056919,0.034137,0.1435,0.0025641,0.003281,0.0024593,0.0017776,0.14251,0.012065,0.010486,0.014092,0.026764,0.078738,0.0012994,0.0045661,0.00029248,0.0012928,0.086111,0.0035712,0.00681,0.0036037,0.034925,0.060962,0.12441,0.12554
0.085317,0.00042075,0.0057758,0.0019335,0.057951,0.06646,0.00098782,0.0016621,0.00068791,0.0011498,0.11073,0.0010713,0.0030283,0.00095148,0.018466,0.15125,0.0076688,0.013245,0.0031926,0.0031505,0.11119,0.0041878,0.00044651,0.0046179,0.0068299,0.072186,0.0015518,0.0011315,0.00085944,0.00085087,0.088858,0.0012755,0.0065084,0.0020005,0.0505,0.074485,0.088927,0.1506
0.081286,0.0010847,0.0092743,0.00067732,0.067587,0.059116,0.0012725,0.0023394,0.0018157,0.00030399,0.11963,0.0018064,0.013167,0.0011401,0.051617,0.22424,0.0068397,0.02576,0.0035468,0.0057352,0.1419,0.0026015,0.0087976,0.00163,0.0049449,0.078632,0.00166,0.0042266,0.0014818,0.0016213,0.07624,0.0019179,0.0078683,0.00096179,0.044301,0.04803,0.060879,0.11004
0.089066,0.0019172,0.0016757,0.0012997,0.056524,0.057894,0.0037339,0.00098753,0.00052029,0.00034233,0.090012,0.002506,0.0041649,0.0022644,0.025775,0.13544,0.0028476,0.0047281,0.0016971,0.0091824,0.090616,0.0044839,0.0027138,0.0022168,0.0035038,0.063794,0.003207,0.00040475,0.00021302,0,0.088341,0.0013906,0.0016141,0.00047182,0.038522,0.093637,0.13176,0.15944
0.04624,0.0017551,0.0025844,0.0018313,0.03665,0.02855,0.0013326,0.00020249,0.00026384,0.0010679,0.070479,0.0057303,0.0069941,0.0060916,0.037758,0.088995,0.0054834,0.012987,0.0093584,0.0019947,0.15204,0.032314,0.052111,0.034243,0.090909,0.047953,0.00076943,0.0010434,0.00080231,0.00092682,0.078054,0.015724,0.0057556,0.015944,0.010316,0.035824,0.25743,0.19443
0.091536,0.0011048,0.00042658,0.00017275,0.056828,0.056185,0.0018259,0.0014119,0.0014765,0.0014478,0.086006,0.0014387,0.007181,0.0010586,0.023306,0.15452,0.00039957,0.01251,0.0013231,0.0026946,0.096443,0.0027174,0.0048571,0.00050191,0.0069979,0.069899,0.00055267,0.0018309,0.0011001,0.00068371,0.094371,0.0011501,0.0019019,0.00027179,0.045386,0.096986,0.091657,0.1624
0.086086,0.0023443,0.026982,0.0020914,0.067869,0.046393,0.0037452,0.0022108,0.0012815,0.00020241,0.087584,0.0082113,0.0083669,0.0012514,0.032163,0.20075,0.0233,0.064171,0.0066933,0.019796,0.10799,0.01068,0.013085,0.0055467,0.021759,0.058072,0.0053736,0.0031067,0.0022405,0.00018217,0.091572,0.0034681,0.022731,0.0035999,0.046069,0.068395,0.11191,0.14124
0.078505,0.00054241,0.006329,0.000464,0.053208,0.065475,0.0019404,0.002141,0.00088317,0,0.12138,0.0029723,0.003228,0.0017167,0.030566,0.18074,0.0070644,0.0045937,0.0056813,0.0069577,0.1185,0.0019345,0.001729,0.0019375,0.012327,0.076193,0.0029632,0.00028792,0.0012864,0.0018299,0.082427,0.00074899,0.0074552,0.00092648,0.048443,0.063283,0.08303,0.13047
0.051901,0.00089989,0.00026449,0.001555,0.041445,0.029983,0.00072093,0.00081856,0.00065615,0.00014076,0.052123,0.0013587,0.0040843,0.0013755,0.020672,0.059422,0.0016737,0.0035997,0.00088533,0.0030767,0.07557,0.0050975,0.0094964,0.0051294,0.023085,0.0443,0.0013254,0.0016174,0.00075924,0.00046251,0.071769,0.017819,0.014978,0.015986,0.0033582,0.040298,0.47166,0.10298
0.052456,0.00052106,0.00016688,0.00062608,0.036185,0.027725,0.00040999,0.00065327,0.00079973,0.0012143,0.048975,0.0068534,0.0016012,0.0041297,0.017404,0.07071,0.015996,0.0039122,0.0065232,0.0017,0.10477,0.017901,0.0020927,0.011968,0.056969,0.041487,0.0036437,0.00069164,0.00077094,0.00084998,0.072228,0.0091684,0.0035777,0.0085171,0.0079938,0.053346,0.26477,0.26353
0.086819,0.0011586,0.005593,0.0020803,0.070265,0.051768,0.001094,0.00091092,0.0013717,0.00089045,0.10165,0.0020825,0.0028156,0.00085014,0.041872,0.21211,0.0037124,0.013099,0.0066797,0.0034606,0.12193,0.0006014,0.0044237,0.0021201,0.0031368,0.072876,0.0011408,0.0014578,0.0021079,0.00038451,0.085382,0.0010188,0.0068006,0.00070908,0.04689,0.062453,0.07577,0.12924
0.030386,0.00058303,0.011226,0.00054628,0.023158,0.0096507,0.00054492,0.00092961,0.00018456,0.00052493,0.019079,0.0003265,0.0034715,0.0010654,0.002443,0.037008,0.0027418,0.013854,0.0014614,0.0082172,0.045589,0.0049463,0.014755,0.0038235,0.02552,0.015506,0.00036454,0.00080405,0.00013692,0.00060569,0.038239,0.0060257,0.011674,0.0042681,0.00957,0.030446,0.71672,0.057379
0.10092,0.00064355,0.0046867,0.0011312,0.069917,0.064121,0.00030677,0.0011782,0.0027243,0.0008917,0.08763,0.0027207,0.0034569,0.001377,0.018158,0.11856,0.0012365,0.0086805,0.003583,0.0022698,0.091865,0.0014655,0.0043356,0.00061232,0.0071133,0.073889,0.0013928,0.0016114,0.0019337,0.00024319,0.098411,0.0012598,0.006708,0.00096842,0.059379,0.090406,0.10281,0.17139
0.041355,0.00098292,0.001334,0.0007153,0.035314,0.025401,0.0026881,0.001634,0.0011473,0.00091224,0.080926,0.0051679,0.0027213,0.0036746,0.044355,0.15585,0.0065127,0.01762,0.0043032,0.010623,0.20542,0.041291,0.032619,0.046376,0.12595,0.047477,0.0031124,0.0019665,0.0006997,0.0012974,0.067263,0.011698,0.011383,0.012523,0.0034868,0.023759,0.26865,0.083906
0.087812,0.0020275,0.016156,0.0018942,0.06633,0.055427,0.00081509,0.0032075,0.00064481,0.0010336,0.099647,0.0021933,0.020329,0.00064764,0.045537,0.18118,0.0074486,0.053724,0.0019298,0.026629,0.11408,0.0036783,0.019404,0.0021516,0.00099303,0.071275,0.0015595,0.0029026,0.0022197,0.0011552,0.090913,0.0013273,0.018986,0.00089957,0.047787,0.069147,0.092716,0.13781
0.051901,0.0021679,0.0037925,0.0018742,0.048563,0.034809,0.0012678,0.00055619,0.0012284,0.0013071,0.11637,0.0041344,0.00029894,0.0041584,0.077721,0.16544,0.01028,0.012245,0.0069749,0.00078425,0.18456,0.013407,0.018772,0.0085733,0.075167,0.083171,0.0049459,0.0016167,0.0027261,0.0012065,0.11478,0.045684,0.044169,0.047347,0.034507,0.019164,0.1322,0.097609
0.033574,0.0019876,0.0097146,0.0020586,0.031024,0.014692,0.00099681,0.0012051,0.00023765,0.0009714,0.057616,0.0033555,0.0040959,0.0035521,0.040495,0.067917,0.0038421,0.0078695,0.0057344,0.0030356,0.12918,0.0055137,0.0068053,0.00067326,0.089389,0.039322,0.0013661,0.0012549,0.00070495,0.00091069,0.12705,0.063823,0.060273,0.06785,0.064963,0.012851,0.42523,0.092567
0.066756,0.0014469,0.002077,0.0010418,0.05565,0.033662,0.0010387,0.00033239,0.00022824,0.00030399,0.079523,0.0073741,0.0073877,0.0071915,0.048273,0.12232,0.0055677,0.01432,0.0033343,0.00028372,0.1509,0.011018,0.005553,0.009762,0.083374,0.061385,0.0055153,0.0021425,0.00082788,0.00050665,0.095837,0.0051867,0.0041347,0.0096929,0.014044,0.039174,0.18811,0.16233
0.039184,0.0020549,0.013837,0.0024153,0.036635,0.010984,0.00026504,0.0011388,0.00038293,2.0229e-05,0.044099,0.0026557,0.00297,0.0022323,0.023951,0.089675,0.0059912,0.012038,0.0013063,0.0071408,0.14711,0.023223,0.037406,0.023148,0.12328,0.02654,0.0018351,0.00093141,0.00044811,8.0916e-05,0.067039,0.0057326,0.012705,0.005334,0.014808,0.01151,0.43122,0.13264
0.082226,0.0046444,0.034909,0.00453,0.077198,0.017736,0.001683,0.0028417,0.00028977,0.00016087,0.064107,0.009638,0.0035972,0.0089779,0.04239,0.10517,0.0098499,0.026591,0.0075658,0.00020109,0.14223,0.020598,0.036299,0.016722,0.10957,0.039273,0.0057689,0.0031448,0.00097982,0.00018098,0.11512,0.0045939,0.031984,0.0051329,0.034889,0.028615,0.24187,0.16365
0.051761,0.0015947,0.0020311,0.0015529,0.050192,0.049911,0.00089293,0.0023473,0.0024981,0.0012065,0.15524,0.0019348,0.0034528,0.0031908,0.10227,0.23642,0.0036898,0.0039326,0.010061,0.0016288,0.21476,0.0066785,0.0056878,0.0025582,0.078546,0.10356,0.00084355,0.0030914,0.0025522,0.00032174,0.056546,0.002153,0.0051705,0.0018095,0.03314,0.020089,0.049247,0.062459
0.040234,0.0019841,0.0014555,0.0019072,0.036967,0.009519,0.00074022,0.00092066,1.8421e-05,0.00024201,0.039024,0.0044774,0.004573,0.0030125,0.020188,0.080246,0.0060811,0.0065116,0.0032944,0.0028839,0.11814,0.0083336,0.02529,0.0086837,0.098377,0.02047,0.0030935,0.0013991,0.00019431,0.00078653,0.064253,0.0083749,0.0066012,0.0084781,0.014601,0.013452,0.50025,0.11441
0.028043,0.00053046,0.0053676,0.00050235,0.026975,0.0060133,0.00073626,0.00052268,0.00022029,0.00056199,0.034731,0.0010542,0.0022606,0.0015656,0.016635,0.055075,0.0028845,0.0058923,0.0020759,0.0020232,0.13507,0.016462,0.016888,0.017657,0.1208,0.021749,0.00025993,0.00064076,0.00094308,0.0010678,0.094779,0.047635,0.044107,0.04606,0.044537,0.0077273,0.51045,0.10636
0.049631,0.0036428,0.0033854,0.0034753,0.045983,0.012545,0.00067457,0.00033729,0.00034035,6.0798e-05,0.049429,0.0034494,0.0044925,0.0034592,0.034107,0.085279,0.0073279,0.014652,0.0043254,0.0014591,0.12299,0.010802,0.0029763,0.010247,0.090811,0.034918,0.003111,0.00062955,0.00078113,0.0011552,0.077091,0.0081573,0.005979,0.003803,0.014997,0.017631,0.4601,0.090386
0.029127,0.0021165,0.004649,0.0020307,0.027712,0.010531,0.0011043,0.0019582,0.00077905,0.00026277,0.089847,0.027232,0.01015,0.025258,0.070847,0.099832,0.011371,0.012193,0.0079491,0.0019202,0.23027,0.052671,0.026358,0.048093,0.20055,0.051948,0.011898,0.0017751,0.0029277,0.0010915,0.086957,0.01071,0.0057936,0.010712,0.04746,0.0074384,0.29008,0.10398
0.0079586,0.0003932,0.0044035,0.00033624,0.0076354,0.0024845,0.00010514,0.00049189,0.00036522,6.0599e-05,0.03135,0.0069242,0.0010975,0.0075096,0.027633,0.075748,0.013549,0.0021157,0.024924,0.0048479,0.17749,0.018561,0.037939,0.011615,0.15774,0.022361,0.0057142,0.0030916,0.0038174,2.02e-05,0.037086,0.0044905,0.0063023,0.0059411,0.017533,0.0014948,0.56232,0.081707
0.039021,0.00083177,0.012105,0.00097496,0.036677,0.013155,0.00049724,0.00051639,0.00049023,0.00018187,0.046013,0.0024854,0.0013041,0.0033327,0.022895,0.083438,0.001264,0.010413,0.0052396,0.0012731,0.12036,0.016573,0.014262,0.015359,0.093764,0.024957,0.0017655,0.00041463,0.00099012,0.00030312,0.063452,0.0087115,0.012162,0.0087787,0.012529,0.014954,0.51734,0.077315
0.02944,0.0013702,0.011382,0.00073429,0.0259,0.015243,0.0012598,0.00088205,0.00077238,0.00092501,0.040801,0.0028204,0.0046854,0.0026524,0.02395,0.073358,0.009825,0.010155,0.0017386,0.00080436,0.074544,0.010878,0.0043281,0.0090212,0.038991,0.024593,0.0022349,0.0019142,0.00057096,0.00046251,0.051399,0.012567,0.015187,0.010976,0.00072392,0.015062,0.62573,0.04983
0.03791,0.00051784,0.0031328,3.6802e-05,0.033989,0.018712,0.00060553,0.00030379,0.0007213,0.00024249,0.055046,0.0012644,0.0060239,0.0013569,0.032494,0.090349,0.0033577,0.0072198,0.0052093,0.00058602,0.086408,0.00059465,0.0065833,0.0004052,0.041628,0.033262,0.00094966,0.00061824,0.00021716,0.00060623,0.059633,0.0025949,0.005033,0.0030519,0.0098412,0.018955,0.53021,0.069515
0.0222,0.00095257,0.0029362,0.0010198,0.021637,0.008486,0.00095388,0.00054628,0.00055213,0,0.057592,0.0091321,0.00075133,0.0083739,0.048503,0.094492,0.0092242,0.013284,0.0046171,0.00070381,0.16562,0.016295,0.043295,0.0093258,0.13224,0.043114,0.0066545,0.0017632,0.0016309,0.0013674,0.061493,0.0071962,0.0079678,0.008685,0.025458,0.0044642,0.4685,0.074041
0.035068,0.00055372,0.011297,0.00037419,0.027302,0.018626,0.00047511,0.00050235,0.00014875,0.00010112,0.087892,0.0071095,0.0039437,0.0078448,0.065525,0.10047,0.0015196,0.0050933,0.008957,0.0019415,0.14644,0.0072012,0.036405,0.0076817,0.093979,0.046878,0.00048933,0.0077264,0.0020435,0.00048537,0.10306,0.021756,0.010711,0.019859,0.049993,0.024086,0.28186,0.15562
0.062804,0.0022244,0.0026576,0.0013951,0.056724,0.036276,0.0028976,0.0035023,0.00023752,0.00032425,0.11128,0.0027648,0.001883,0.0043169,0.073869,0.17129,0.0019617,0.010518,0.0064246,0.0018239,0.18189,0.0096746,0.0033781,0.0082054,0.086312,0.080638,0.0017291,0.0027401,0.00061692,0.0011552,0.090447,0.0053584,0.002986,0.0072135,0.014287,0.028453,0.09606,0.14087
0.051775,0.0007692,0.0050411,0.00021933,0.04371,0.032382,0.00087451,0.00019224,0.00095513,0,0.078909,0.0040926,0.0027822,0.002673,0.045797,0.11224,0.0064769,0.012724,0.0010029,0.0048026,0.11111,0.0072002,0.0029097,0.0028713,0.042818,0.047398,0.0022086,0.0012837,0.0017006,0.00046608,0.091919,0.018609,0.019897,0.02364,0.0047418,0.031977,0.35061,0.091675
0.045752,0.0032167,0.0060311,0.0029226,0.039783,0.016998,0.0024303,0.0016112,0.00073677,0.00014115,0.10197,0.052475,0.0035183,0.050955,0.085635,0.083619,0.019197,0.0050339,0.0032417,0.0013106,0.18615,0.081879,0.044356,0.074899,0.15667,0.052748,0.021539,0.0040184,0.0021632,0.00048393,0.13375,0.06265,0.014531,0.056767,0.059987,0.028673,0.22035,0.13
0.038026,0.0019527,0.01322,0.0024954,0.032117,0.017506,0.00091554,0.0012529,0.00015062,0.00022261,0.046385,0.00098072,0.0032782,0.0016985,0.026147,0.066541,0.0022288,0.0080766,0.0030608,0.0038451,0.1037,0.004445,0.013297,0.0039522,0.070346,0.032481,0.001131,0.002075,0.00097952,0.0012345,0.069273,0.017401,0.020168,0.018457,0.0083986,0.023192,0.51039,0.092506
0.015866,0.00045281,0.0022645,4.0918e-05,0.012592,0.0090953,0.00078485,0.00077229,9.0669e-05,0.00036381,0.039817,0.0039562,0.01721,0.0038359,0.032016,0.060029,0.012054,0.0196,0.0044978,0.010874,0.11327,0.013643,0.010679,0.019962,0.07826,0.022597,0.0023137,0.00063466,0.00083131,0.00032339,0.052652,0.025573,0.016527,0.025124,0.032683,0.010712,0.39658,0.27939
0.070886,0.0020108,0.04609,0.0012152,0.063012,0.023541,0.00035113,0.003453,0.00067735,0.00032304,0.088027,0.0012024,0.0098708,0.001047,0.069897,0.16194,0.011698,0.075439,0.0050366,0.016616,0.22754,0.0020183,0.13729,0.0037652,0.16459,0.072219,0.0013251,0.0037569,0.00062509,0.0013123,0.093398,0.0028625,0.042811,0.0046834,0.020553,0.027196,0.11696,0.11829
0.015818,0.00067934,0.0073003,0.00053266,0.011616,0.0061818,0.0013522,0.0011745,0.00043508,4.0404e-05,0.028141,0.0027014,0.013225,0.0018366,0.022121,0.056081,0.0082238,0.040343,0.0042925,0.029697,0.061152,0.0075124,0.031517,0.0047757,0.040061,0.011798,0.0011999,0.00219,0.00081624,0.00016162,0.029374,0.002812,0.0084504,0.00259,0.0051717,0.011818,0.7417,0.037939
0.013232,0.00033967,0.0026145,0.00032592,0.01106,0.005711,0.00016888,0.00044513,4.7044e-05,0.00036196,0.031189,0.0012241,0.013936,0.00075785,0.025639,0.050755,0.0051423,0.017831,0.0048538,0.0026544,0.058658,0.0046463,0.012506,0.0046332,0.030063,0.015806,0.0011987,0.0020855,0.00041733,0.00060327,0.033019,0.009126,0.0060974,0.008332,0.013473,0.0059925,0.75433,0.03131
0.010987,0.00092258,0.0044692,0.00072904,0.0093186,0.0037641,0.00080242,0.00012376,0.00014479,0.00014242,0.019024,0.0025268,0.0016596,0.0022052,0.012961,0.047549,0.0027248,0.016284,0.00087441,0.0047,0.047875,0.0025706,0.027038,0.0015791,0.035464,0.0095221,0.001482,5.7548e-05,0.00068766,0.00065108,0.020611,0.0016824,0.007784,0.0013294,0.0037234,0.0025229,0.81434,0.023805
0.089606,0.0013299,0.015904,0.0016315,0.069859,0.056426,0.0021686,0.0016614,0.0013505,0.00080436,0.099439,0.0037692,0.0094105,0.0021532,0.043978,0.15245,0.0085341,0.029622,0.0023401,0.012246,0.13117,0.01089,0.017002,0.010486,0.030747,0.079652,0.002506,0.003467,0.0018863,0.0011864,0.096,0.0023823,0.013835,0.0020421,0.052324,0.0664,0.09045,0.13841
0.012447,0.00057697,0.0031671,0.00046501,0.010075,0.0050474,0.00035506,0.00092523,0.00031038,6.0327e-05,0.02031,0.0032139,0.0075022,0.0027797,0.015605,0.037825,0.0061243,0.013475,0.00094516,0.013252,0.038107,0.0093145,0.005615,0.0063905,0.022663,0.010678,0.0028175,0.0012266,0.00062252,0.00062338,0.028555,0.012728,0.0089205,0.011754,0.0099338,0.0089686,0.80892,0.029138
0.019615,0.00051319,0.0096257,0.00068114,0.016122,0.0045687,0.00016839,0.00041861,0.00028226,6.0916e-05,0.016671,0.00089254,0.0068306,0.0004621,0.012772,0.033971,0.0016148,0.02524,0.0015679,0.020488,0.030742,0.00017192,0.007277,0.00048577,0.022742,0.0089953,0.00030525,0.00099247,0.00010746,0.00042641,0.034844,0.0042737,0.011302,0.0045574,0.0025991,0.013848,0.76618,0.070561
